# Voces OFICIALES de personaje (decision del PO 14-Sep-2026): Cometa y Coco con IA, Qwen3-TTS en fal.ai.
# Formato: ruta relativa a assets/audio/ <TAB> texto. La directiva '# personaje: <id>' elige la voz (herramientas/voces_personajes/<id>/).
# Regenerar: python herramientas/generar_voces_fal.py --lista <este archivo> [--solo-personaje coco] [--estimar]
# personaje: cometa
voces/arcoiris/formas/semilla/pista_01.wav	¡Toca una forma, o arrástrala a su casita!
# personaje: coco
voces/arcoiris/formas/semilla/acierto_01.wav	¡Siii!
voces/arcoiris/formas/semilla/acierto_02.wav	¡Ahí va!
voces/arcoiris/formas/semilla/acierto_03.wav	¡Muy bien, Maxi!
voces/arcoiris/formas/semilla/victoria_01.wav	¡Todas las formas en su casita! ¡Eres un campeón, Maxi!
voces/arcoiris/formas/semilla/victoria_02.wav	¡Lo lograste, Maxi! ¡Bravo!
voces/arcoiris/formas/semilla/risa_01.wav	¡Jijiji! ¡Cosquillas!
voces/arcoiris/formas/semilla/risa_02.wav	¡Jajaja! ¡Qué risa!
# personaje: cometa
voces/arcoiris/formas/brote/pista_01.wav	Mira la sombra que brilla y busca la pieza igual. ¡Tú puedes, Nicole!
# personaje: coco
voces/arcoiris/formas/brote/acierto_01.wav	¡Encajó!
voces/arcoiris/formas/brote/acierto_02.wav	¡Qué bien, Nicole!
voces/arcoiris/formas/brote/acierto_03.wav	¡Perfecto!
voces/arcoiris/formas/brote/no_es_este_01.wav	Esa no calza ahí. ¡Prueba otra!
voces/arcoiris/formas/brote/no_es_este_02.wav	Casi, casi. ¡Mira bien la forma!
voces/arcoiris/formas/brote/derrota_gag_01.wav	¡Uy! Las formas se amontonaron y se cayeron. ¡Jajaja! Vamos otra vez.
voces/arcoiris/formas/brote/victoria_01.wav	¡Todas las formas en su lugar! ¡Eres increíble, Nicole!
voces/arcoiris/formas/brote/victoria_02.wav	¡Lo lograste, Nicole! ¡Qué lindo quedó!
voces/arcoiris/formas/estrella/acierto_01.wav	¡Calzó perfecto!
voces/arcoiris/formas/estrella/acierto_02.wav	¡Buena, Sofía!
voces/arcoiris/formas/estrella/acierto_03.wav	¡Esa era!
voces/arcoiris/formas/estrella/no_es_este_01.wav	Esa pieza no va ahí. Mira bien la sombra.
voces/arcoiris/formas/estrella/no_es_este_02.wav	Casi... prueba con otra pieza.
voces/arcoiris/formas/estrella/figura_completa_01.wav	¡Figura lista!
voces/arcoiris/formas/estrella/figura_completa_02.wav	¡Armaste otra figura!
voces/arcoiris/formas/estrella/derrota_gag_01.wav	¡Jaja! ¡Las piezas se pusieron a bailar y se desordenaron! Vamos, tú puedes armarlas.
voces/arcoiris/formas/estrella/victoria_01.wav	¡Armaste todas las figuras, Sofía! Eres una maestra de las formas.
voces/arcoiris/formas/estrella/victoria_02.wav	¡Increíble! Con esa cabeza vas a liderar la misión.
# personaje: coco
voces/arcoiris/formas/estrella/girar_01.wav	¡Es la pieza correcta, pero está chueca! Tócala para girarla.
voces/arcoiris/formas/nombres/circulo.wav	¡Busca el círculo!
voces/arcoiris/formas/nombres/cuadrado.wav	¡Busca el cuadrado!
voces/arcoiris/formas/nombres/triangulo.wav	¡Busca el triángulo!
voces/arcoiris/formas/nombres/estrella.wav	¡Busca la estrella!
voces/arcoiris/formas/nombres/ovalo.wav	¡Busca el óvalo!
voces/arcoiris/formas/nombres/rectangulo.wav	¡Busca el rectángulo!
voces/arcoiris/formas/nombres/corazon.wav	¡Busca el corazón!
voces/arcoiris/formas/nombres/rombo.wav	¡Busca el rombo!
voces/arcoiris/formas/nombres/triangulo_grande.wav	¡Busca el triángulo grande!
voces/arcoiris/formas/nombres/triangulo_chico.wav	¡Busca el triángulo chiquitito!
voces/arcoiris/formas/nombres/rectangulo_grande.wav	¡Busca el rectángulo grande!
voces/arcoiris/formas/nombres/rectangulo_chico.wav	¡Busca el rectángulo chiquitito!
voces/arcoiris/formas/nombres/cuadrado_grande.wav	¡Busca el cuadrado grande!
voces/arcoiris/formas/nombres/cuadrado_chico.wav	¡Busca el cuadrado chiquitito!
voces/arcoiris/formas/nombres/casa.wav	¡Busca la pared de la casita!
voces/arcoiris/formas/nombres/techo.wav	¡Ahora el techo de la casita!
voces/arcoiris/formas/nombres/sol.wav	¡Pon el sol en el cielo!
voces/arcoiris/formas/nombres/copa.wav	¡Busca la copa del árbol!
voces/arcoiris/formas/nombres/tronco.wav	¡Ahora el tronco del árbol!
voces/arcoiris/formas/nombres/cuerpo_jirafa.wav	¡Busca el cuerpo de la jirafa!
voces/arcoiris/formas/nombres/cuello_jirafa.wav	¡Ahora el cuello largo de la jirafa!
voces/arcoiris/formas/nombres/cabeza_jirafa.wav	¡Y la cabeza de la jirafa!
voces/arcoiris/formas/figuras/dino.wav	¡Roaaar! ¡Armaste un dinosaurio gigante!
voces/arcoiris/formas/figuras/autito.wav	¡Brum, brum! ¡Armaste tu autito!
voces/arcoiris/formas/figuras/casa.wav	¡Una casita!
voces/arcoiris/formas/figuras/helado.wav	¡Un helado de frutilla!
voces/arcoiris/formas/figuras/arbol.wav	¡Un árbol!
voces/arcoiris/formas/figuras/cohete.wav	¡Un cohete listo para despegar!
voces/arcoiris/formas/figuras/gato.wav	¡Miau! ¡Un gatito!
voces/arcoiris/formas/figuras/barco.wav	¡Un barquito velero!
voces/arcoiris/formas/figuras/pez.wav	¡Un pez! ¡Blub, blub!
voces/arcoiris/formas/figuras/abeto.wav	¡Un pino de Navidad!
voces/arcoiris/formas/figuras/corona.wav	¡Una corona brillante! ¡Te queda preciosa!
voces/arcoiris/formas/brote/especial_01.wav	¡El corazón dorado! ¡Te mando un corazón gigante, Nicole!
voces/arcoiris/formas/semilla/intro_z1.wav	¡Hola, Maxi! Mis formas se escaparon. ¡Llévalas a su casita!
voces/arcoiris/formas/semilla/intro_z2.wav	¡Maxi, estas formas tienen cosquillas! Ponlas en su casita y escucha cómo se ríen.
voces/arcoiris/formas/semilla/intro_z3.wav	¡Ahora son cuatro formas! ¿Las ayudas a volver a su casita?
voces/arcoiris/formas/semilla/intro_z4.wav	¡Mira, Maxi! Hay formas grandes y formas chiquititas. ¡Cada una a su casita!
voces/arcoiris/formas/semilla/intro_z5.wav	¡Maxi, vamos a armar algo gigante! ¡Pon cada pieza donde va!
voces/arcoiris/formas/brote/intro_z1.wav	¡Hola, Nicole! Mis formas traviesas se salieron de su lugar. Arrastra cada forma a su sombra del mismo color.
voces/arcoiris/formas/brote/intro_z2.wav	¡Nicole, llegaron más formas! Hay un corazón y un rombo. Llévalas a su lugar.
voces/arcoiris/formas/brote/intro_z3.wav	Ahora las sombras no tienen color. ¡Mira bien la forma, Nicole!
voces/arcoiris/formas/brote/intro_z4.wav	¡Cuidado, Nicole! Hay formas grandes y chicas, y las sombras están giradas. Acércalas, y se enderezan solitas.
voces/arcoiris/formas/brote/intro_z5.wav	¡Nicole, armemos un jardín! Pon cada pieza en su lugar. Y dicen que hay un corazón dorado escondido...
# personaje: coco
voces/arcoiris/formas/estrella/intro_tangram_z1.wav	¡Sofía, un tangram de verdad! Arma la sombra con las siete piezas. Tócalas para girarlas. ¡Hay muchas formas de lograrlo!
voces/arcoiris/formas/estrella/intro_espejo_z2.wav	Estas sombras son más traviesas. A veces una pieza tiene que mirarse al espejo para calzar. ¡Y ojo, que sobra una pieza!
voces/arcoiris/formas/estrella/intro_memoria_z3.wav	¡Juego de memoria! Mira bien mi figura y sus colores, porque la voy a tapar. Después la armas igualita.
voces/arcoiris/formas/estrella/mira_modelo_01.wav	¡Mira bien!
voces/arcoiris/formas/estrella/tapa_modelo_01.wav	¡La tapo! ¿Te acuerdas de cómo era?
voces/arcoiris/formas/estrella/intro_marco_z4.wav	Rellena todo el marco con piezas de cinco cuadraditos. Sobran piezas, así que piensa bien cuáles usar.
voces/arcoiris/formas/estrella/intro_marco_z4b.wav	¡Ahora un marco más grande, y sobran más piezas!
voces/arcoiris/formas/estrella/intro_cima_1.wav	¡El Desafío de la Cima! Son tres pruebas seguidas. Primero, un tangram gigante de catorce piezas.
voces/arcoiris/formas/estrella/intro_cima_2.wav	¡Segunda prueba! Rellena la nave con piezas de cinco cuadraditos.
voces/arcoiris/formas/estrella/intro_cima_3.wav	¡Última prueba! Esta vez te muestro la figura muy rapidito. ¡Concéntrate!
voces/arcoiris/formas/estrella/intro_dorado.wav	¡El reto dorado! El rectángulo clásico con las doce piezas. A muchos grandes les cuesta. Si te cansas, vuelve otro día y sigues donde quedaste.
voces/arcoiris/formas/estrella/pista_usada_01.wav	Te ayudo con una pieza. ¡Esa ayudita cuesta una estrellita!
voces/arcoiris/formas/estrella/espejo_sin_pieza_01.wav	Primero toca la pieza que quieres dar vuelta, y después el espejo.
voces/arcoiris/formas/estrella/regalo_01.wav	Te regalo una pieza para empezar. ¡Tú puedes!
voces/arcoiris/formas/estrella/prueba_superada_01.wav	¡Prueba superada! Vamos con la siguiente.
voces/arcoiris/formas/estrella/prueba_superada_02.wav	¡Lo hiciste! Pero todavía queda otra.
voces/arcoiris/formas/estrella/victoria_cima_01.wav	¡Superaste el Desafío de la Cima, Sofía! Muy pocos llegan hasta aquí.
voces/arcoiris/formas/estrella/victoria_dorado_01.wav	¡Completaste el reto dorado! Eres una verdadera maestra de las formas, Sofía.
# personaje: cometa
voces/arcoiris/formas/estrella/pista_tangram_01.wav	Toca una pieza para girarla y arrástrala a la sombra. Puedes armarla de muchas formas.
voces/arcoiris/formas/estrella/pista_espejo_01.wav	Si una pieza no calza ni girándola, tócala y después toca el espejo.
voces/arcoiris/formas/estrella/pista_memoria_01.wav	Cada pieza va en su lugar, con su color. Si no te acuerdas, toca el ojito para mirar otra vez.
voces/arcoiris/formas/estrella/pista_marco_01.wav	Llena todos los cuadraditos. Tocando una pieza la giras, y con el espejo la das vuelta.

# "Arma la figura" (PO 27-Sep-2026): figura primero, piezas cortadas de ella. Relleno de Windows hasta generar con fal.ai.
# personaje: coco
voces/arcoiris/formas/estrella/intro_arma_z1.wav	¡Sofía, mira la tarjeta! Es la iglesia de Castro, en Chiloé: veinticinco piezas y sin líneas de ayuda. Si una pieza llega chueca, tócala para girarla.
voces/arcoiris/formas/estrella/intro_arma_z2.wav	¡Los palafitos de Castro, casitas sobre el agua! Tres casas con sus pilotes. ¡Mira bien la tarjeta!
voces/arcoiris/formas/estrella/intro_arma_z3.wav	¡Santiago con la cordillera! Arma la Torre Entel y el Costanera Center. Ojo, que hay piezas muy parecidas.
voces/arcoiris/formas/estrella/intro_arma_z4.wav	¡Viajamos a Rapa Nui! Arma los moáis con sus sombreros rojos. Fíjate bien en el tamaño de cada pieza.
voces/arcoiris/formas/estrella/intro_arma_z5.wav	¡El gran desafío de la cima! El castillo del cerro Santa Lucía, ¡con treinta piezas! ¡Tú puedes, Sofía!
voces/arcoiris/formas/brote/intro_arma_z1.wav	¡Hola, Nicole! Vamos a armar una casita. Pon cada forma en su sombra del mismo color.
voces/arcoiris/formas/brote/intro_arma_z2.wav	¡Nicole, armemos una micro, con sus ventanas y sus ruedas! ¡Brum, brum!
voces/arcoiris/formas/brote/intro_arma_z3.wav	Ahora un faro, al lado del mar. Las sombras no tienen color. ¡Mira bien la forma, Nicole!
voces/arcoiris/formas/brote/intro_arma_z4.wav	¡Un tren! Tiene ruedas grandes y ruedas chiquititas. Acerca cada pieza y se endereza solita.
voces/arcoiris/formas/semilla/intro_arma_z1.wav	¡Hola, Maxi! Vamos a armar una casita con su sol. ¡Pon cada pieza donde va!
voces/arcoiris/formas/semilla/intro_arma_z2.wav	¡Maxi, armemos un barquito! Y escucha cómo se ríen las piezas.
voces/arcoiris/formas/semilla/intro_arma_z3.wav	¡Un arbolito de Navidad con su estrella! ¿Me ayudas a armarlo?
voces/arcoiris/formas/semilla/intro_arma_z4.wav	¡Mira, Maxi! Un monito de nieve, grande y chiquitito. ¡Armémoslo!
voces/arcoiris/formas/figuras/iglesia_chiloe.wav	¡Armaste la iglesia de Chiloé! ¡Qué linda te quedó!
voces/arcoiris/formas/figuras/palafitos.wav	¡Los palafitos! Casitas que viven sobre el agua.
voces/arcoiris/formas/figuras/santiago.wav	¡Santiago con su cordillera nevada! ¡Increíble!
voces/arcoiris/formas/figuras/moais.wav	¡Los moáis de Rapa Nui! Llevan cientos de años mirando el cielo.
voces/arcoiris/formas/figuras/castillo_santa_lucia.wav	¡El castillo del cerro Santa Lucía! Sofía, eres la reina de las formas.
voces/arcoiris/formas/figuras/micro.wav	¡Una micro! ¡Todos arriba!
voces/arcoiris/formas/figuras/faro.wav	¡Un faro! Su luz guía a los barcos de noche.
voces/arcoiris/formas/figuras/tren.wav	¡Chu, chu! ¡Armaste un tren!
voces/arcoiris/formas/figuras/monito_nieve.wav	¡Un monito de nieve! ¡Brrr, qué frío!
voces/arcoiris/formas/nombres/circulo_grande.wav	¡Busca el círculo grande!
voces/arcoiris/formas/nombres/circulo_chico.wav	¡Busca el círculo chiquitito!
voces/arcoiris/formas/nombres/trapecio.wav	¡Busca el trapecio!
# personaje: cometa
voces/arcoiris/formas/estrella/pista_arma_01.wav	Mira la tarjeta con la figura terminada. ¿Qué pieza tiene la misma forma y el mismo tamaño?

# Rondas, banderas y Chile (PO 27-Sep-2026): relleno de Windows (generar_voces_tts.ps1) hasta generar con fal.ai.
# personaje: coco
voces/arcoiris/formas/semilla/ronda_01.wav	¡Siii! ¡Vamos con otra figura, Maxi!
voces/arcoiris/formas/semilla/ronda_02.wav	¡Bravo! ¿Qué armamos ahora?
voces/arcoiris/formas/semilla/intro_ronda.wav	¡Mira la tarjeta, Maxi! Pon cada pieza en su lugar.
voces/arcoiris/formas/brote/ronda_01.wav	¡Qué lindo te quedó! Ahora armemos otra figura.
voces/arcoiris/formas/brote/ronda_02.wav	¡Muy bien, Nicole! Vamos con la siguiente.
voces/arcoiris/formas/brote/intro_ronda.wav	Mira la tarjeta, Nicole, y pon cada forma en su sombra.
voces/arcoiris/formas/estrella/intro_bandera.wav	¡Ahora, una bandera! Cada pieza va en su color. Mira bien la tarjeta.
voces/arcoiris/formas/estrella/intro_moneda.wav	¡Sofía, mira la tarjeta! Es el Palacio de La Moneda, con su bandera en el techo. Busca la pieza que calza en cada lugar.
voces/arcoiris/formas/estrella/intro_valparaiso.wav	¡Valparaíso! Casas de colores en los cerros y su ascensor. Ojo: cada casa va con su color. Tócalas para girarlas.
voces/arcoiris/formas/estrella/intro_torres_paine.wav	¡Nos vamos a la Patagonia! Arma las Torres del Paine, con su nieve y su laguna.
voces/arcoiris/formas/estrella/intro_morro.wav	¡El Morro de Arica, en el norte! Arma el cerro capa por capa, con su gran bandera en la cima.
voces/arcoiris/formas/estrella/intro_san_cristobal.wav	¡El gran desafío! El cerro San Cristóbal, con la Virgen en la cima. ¡Tú puedes, Sofía!
voces/arcoiris/formas/figuras/bandera_chile.wav	¡La bandera de Chile!
voces/arcoiris/formas/figuras/bandera_japon.wav	¡La bandera de Japón!
voces/arcoiris/formas/figuras/bandera_francia.wav	¡La bandera de Francia!
voces/arcoiris/formas/figuras/bandera_italia.wav	¡La bandera de Italia!
voces/arcoiris/formas/figuras/bandera_peru.wav	¡La bandera de Perú!
voces/arcoiris/formas/figuras/bandera_colombia.wav	¡La bandera de Colombia!
voces/arcoiris/formas/figuras/bandera_argentina.wav	¡La bandera de Argentina!
voces/arcoiris/formas/figuras/bandera_alemania.wav	¡La bandera de Alemania!
voces/arcoiris/formas/figuras/bandera_brasil.wav	¡La bandera de Brasil!
voces/arcoiris/formas/figuras/bandera_bolivia.wav	¡La bandera de Bolivia!
voces/arcoiris/formas/figuras/bandera_chile_dato.wav	¡La bandera de Chile! Nuestra capital es Santiago.
voces/arcoiris/formas/figuras/bandera_argentina_dato.wav	¡La bandera de Argentina! Su capital es Buenos Aires, y el sol se llama Sol de Mayo.
voces/arcoiris/formas/figuras/bandera_peru_dato.wav	¡La bandera de Perú! Su capital es Lima.
voces/arcoiris/formas/figuras/bandera_bolivia_dato.wav	¡La bandera de Bolivia! Su capital es Sucre, y el gobierno está en La Paz.
voces/arcoiris/formas/figuras/bandera_brasil_dato.wav	¡La bandera de Brasil! Su capital es Brasilia. ¡Es el país más grande de Sudamérica!
voces/arcoiris/formas/figuras/bandera_uruguay_dato.wav	¡La bandera de Uruguay! Su capital es Montevideo.
voces/arcoiris/formas/figuras/bandera_paraguay_dato.wav	¡La bandera de Paraguay! Su capital es Asunción. ¡Su bandera tiene un escudo distinto en cada lado!
voces/arcoiris/formas/figuras/bandera_colombia_dato.wav	¡La bandera de Colombia! Su capital es Bogotá.
voces/arcoiris/formas/figuras/bandera_venezuela_dato.wav	¡La bandera de Venezuela! Su capital es Caracas, y tiene ocho estrellas.
voces/arcoiris/formas/figuras/bandera_ecuador_dato.wav	¡La bandera de Ecuador! Su capital es Quito, ¡y por ahí pasa la línea del Ecuador!
voces/arcoiris/formas/figuras/bandera_japon_dato.wav	¡La bandera de Japón! Está en Asia y su capital es Tokio. El círculo rojo es el sol.
voces/arcoiris/formas/figuras/bandera_francia_dato.wav	¡La bandera de Francia! Está en Europa y su capital es París, donde está la Torre Eiffel.
voces/arcoiris/formas/figuras/bandera_alemania_dato.wav	¡La bandera de Alemania! Está en Europa y su capital es Berlín.
voces/arcoiris/formas/figuras/bandera_rusia_dato.wav	¡La bandera de Rusia! Su capital es Moscú. ¡Es el país más grande del mundo!
voces/arcoiris/formas/figuras/bandera_china_dato.wav	¡La bandera de China! Está en Asia y su capital es Pekín. ¡Ahí está la Gran Muralla!
voces/arcoiris/formas/figuras/bandera_india_dato.wav	¡La bandera de India! Está en Asia y su capital es Nueva Delhi. La rueda azul se llama chakra.
voces/arcoiris/formas/figuras/bandera_mexico_dato.wav	¡La bandera de México! Su capital es Ciudad de México, y en su escudo hay un águila.
voces/arcoiris/formas/figuras/bandera_eeuu_dato.wav	¡La bandera de Estados Unidos! Su capital es Washington. La de verdad tiene cincuenta estrellas, ¡una por cada estado!
voces/arcoiris/formas/figuras/la_moneda.wav	¡La Moneda, en Santiago! Ahí trabaja el presidente de Chile.
voces/arcoiris/formas/figuras/valparaiso.wav	¡Valparaíso, con sus casas de colores! Sus ascensores suben los cerros hace más de cien años.
voces/arcoiris/formas/figuras/torres_paine_dato.wav	¡Las Torres del Paine, en la Patagonia! Son montañas de granito de más de dos mil metros.
voces/arcoiris/formas/figuras/morro_arica_dato.wav	¡El Morro de Arica, en el norte de Chile! Desde arriba se ve todo el mar.
voces/arcoiris/formas/figuras/san_cristobal.wav	¡El cerro San Cristóbal, en Santiago! La Virgen de la cima mide catorce metros.
voces/arcoiris/formas/figuras/torres_paine.wav	¡Las Torres del Paine!
voces/arcoiris/formas/figuras/morro_arica.wav	¡El Morro de Arica, junto al mar!
voces/arcoiris/formas/figuras/volcan_osorno.wav	¡El volcán Osorno, con su nieve!
voces/arcoiris/formas/figuras/auto_carrera.wav	¡Brum, brum! ¡Un auto de carreras!
voces/arcoiris/formas/figuras/avion.wav	¡Un avión! ¡A volar!
voces/arcoiris/formas/figuras/ballena.wav	¡Una ballena! ¡Splash!
voces/arcoiris/formas/figuras/braquiosaurio.wav	¡Un dinosaurio de cuello largo!
voces/arcoiris/formas/figuras/bus.wav	¡Un bus! ¡Todos arriba!
voces/arcoiris/formas/figuras/camion_bomberos.wav	¡Uiuu, uiuu! ¡Un camión de bomberos!
voces/arcoiris/formas/figuras/casita_perro.wav	¡La casita del perrito! ¡Guau!
voces/arcoiris/formas/figuras/pato.wav	¡Cuac, cuac! ¡Un patito!
voces/arcoiris/formas/figuras/platillo.wav	¡Un platillo volador!
voces/arcoiris/formas/figuras/pollito.wav	¡Pío, pío! ¡Un pollito!
voces/arcoiris/formas/figuras/robot.wav	¡Un robot! ¡Bip, bup!
voces/arcoiris/formas/figuras/tortuga.wav	¡Una tortuga!
voces/arcoiris/formas/figuras/castillo_princesa.wav	¡Un castillo de princesas!
voces/arcoiris/formas/figuras/corazon.wav	¡Un corazón gigante para ti, Nicole!
voces/arcoiris/formas/figuras/gatito.wav	¡Miau! ¡Un gatito con su moño!
voces/arcoiris/formas/figuras/jirafa.wav	¡Una jirafa!
voces/arcoiris/formas/figuras/pony.wav	¡Un pony!
voces/arcoiris/formas/figuras/torta.wav	¡Una torta de cumpleaños!
voces/arcoiris/formas/figuras/sol.wav	¡Un sol brillante!
voces/arcoiris/formas/figuras/jardin.wav	¡Qué lindo jardín!
voces/arcoiris/formas/nombres/circulo_azul.wav	¡Busca el círculo azul!
voces/arcoiris/formas/nombres/circulo_rojo.wav	¡Busca el círculo rojo!
voces/arcoiris/formas/nombres/sol_dorado.wav	¡Busca el sol dorado!
voces/arcoiris/formas/nombres/semicirculo.wav	¡Busca el semicírculo!
voces/arcoiris/formas/nombres/color_amarillo.wav	¡Busca el color amarillo!
voces/arcoiris/formas/nombres/color_azul.wav	¡Busca el color azul!
voces/arcoiris/formas/nombres/color_blanco.wav	¡Busca el color blanco!
voces/arcoiris/formas/nombres/color_celeste.wav	¡Busca el color celeste!
voces/arcoiris/formas/nombres/color_negro.wav	¡Busca el color negro!
voces/arcoiris/formas/nombres/color_rojo.wav	¡Busca el color rojo!
voces/arcoiris/formas/nombres/color_verde.wav	¡Busca el color verde!
# Guion 28-Sep-2026 (HE-40/HE-44): relleno de Windows (generar_voces_tts.ps1 -IgnorarPersonaje) hasta generar con fal.ai.
# personaje: coco
voces/arcoiris/formas/estrella/intro_bandera_primero.wav	¡Sofía, primero una bandera, para calentar los dedos! Cada pieza va en su color. Si una llega chueca, tócala para girarla.
